Clean anime line art with soft fantasy colors and cinematic twilight lighting,Hand painted watercolor animation with gentle pigment textures and luminous edges,Polished fantasy illustration with detailed materials and restrained magical glow,Stylized cinematic realism with natural skin tones and controlled contrast,Graphic novel rendering with bold shadows crisp contours and limited colors,Soft storybook illustration with warm textures and delicate atmospheric depth,High quality game cinematic style with stable character details and realistic materials,Elegant ink wash animation with fluid brush edges and spacious composition,
Bright cel shaded animation with clean silhouettes and smooth secondary motion,Dreamlike pastel illustration with diffused light and softly blended backgrounds,Moody film noir treatment with deep shadows narrow highlights and monochrome tones,Retro science fiction cinema with practical textures and muted analog colors,Modern animated feature style with expressive faces and carefully layered lighting,Dark fantasy painting with weathered surfaces and subtle supernatural illumination,Minimalist illustration with simple shapes quiet colors and precise visual rhythm,Rich gouache animation with opaque color fields and hand painted texture,
Photoreal cinematic style with natural lens response and physically accurate lighting,Vintage adventure film treatment with warm grain and slightly faded colors,Atmospheric concept art with grand scale layered haze and controlled detail,Whimsical anime fantasy with sparkling highlights flowing fabric and vibrant scenery,Grounded historical drama style with natural fabrics soft daylight and restrained grading,Surreal dream cinema with coherent geometry translucent light and slow visual transitions,Polished comic animation with dynamic line weight and stable flat color,Traditional woodblock inspired rendering with textured paper and limited pigments,
Elegant art nouveau illustration with flowing ornament and balanced decorative framing,Soft clay animation appearance with tactile surfaces and gentle studio lighting,Detailed miniature diorama style with shallow depth and handcrafted materials,Low contrast naturalism with overcast light subtle color and realistic movement,Luminous magical realism with ordinary materials touched by restrained glowing effects,High contrast cyberpunk cinema with wet reflections saturated accents and deep shadows,Peaceful slice of life anime with warm daylight and understated character animation,Dark atmospheric anime with cool shadows selective color and fine environmental detail,
Painterly fantasy animation with visible brushwork and smoothly evolving light,Classic theatrical animation with expressive poses clean backgrounds and rich color,Muted post apocalyptic cinema with dusty textures pale skies and practical lighting,Romantic period illustration with soft fabric detail candlelight and gentle color harmony,Futuristic product film style with precise reflections clean geometry and cool illumination,Cozy illustrated realism with warm interiors textured fabrics and natural gestures,Ethereal celestial fantasy with pale gradients floating light and crystalline detail,Bold poster inspired animation with simplified forms dramatic color and crisp edges,
Natural documentary cinematography with honest color soft contrast and stable exposure,Stylized stop motion look with handmade textures and deliberate character movement,Delicate pencil animation with visible graphite shading and subtle paper grain,Chalk pastel illustration with soft edges layered color and tactile surfaces,Polished manga inspired animation with precise linework restrained tones and cinematic depth,Ornate baroque fantasy with dramatic light rich textiles and sculptural composition,Fresh solarpunk illustration with organic architecture bright greenery and optimistic color,Underwater fantasy cinema with caustic light floating particles and fluid movement,
Quiet Nordic cinema style with cool daylight minimal color and spacious framing,Vibrant festival animation with glowing lanterns rich fabrics and lively controlled motion,Gothic romantic illustration with moonlit architecture deep blue shadows and silver accents,Playful paper cutout animation with layered shapes soft shadows and clear silhouettes,Refined pixel art animation with consistent scale limited palette and smooth cycles,Translucent stained glass style with luminous color dark leading and sacred atmosphere,Oil painted animation with layered impasto subtle canvas texture and dramatic light,Soft airbrushed retro fantasy with glowing gradients and nostalgic color transitions,
Clean architectural visualization with realistic materials balanced daylight and precise perspective,Expressive charcoal animation with rough tonal marks and controlled motion blur,Neon noir anime with reflective surfaces colored rim light and dense nighttime atmosphere,Bright children book illustration with rounded forms cheerful color and gentle texture,Ancient mural inspired animation with mineral pigments weathered surfaces and symbolic composition,Modern fashion film style with clean lighting elegant movement and refined color grading,Quiet monochrome animation with subtle tonal variation and carefully timed movement,High detail botanical illustration with natural colors fine textures and soft depth,
Epic mythic cinema with monumental scale directional light and atmospheric particles,Intimate chamber drama style with warm practical light and restrained camera presence,Experimental light painting animation with coherent subjects and flowing luminous trails,Soft 3D animation with rounded forms realistic fabrics and expressive facial movement,Hard surface science fiction realism with worn metal practical lights and controlled reflections,Japanese screen painting inspired animation with flat space gold accents and elegant motion,Tropical adventure illustration with saturated natural color bright sunlight and humid atmosphere,Winter fairy tale animation with crystalline air cool shadows and warm window light,
Refined dark academia illustration with aged paper wood textures and amber lamplight,Colorful street art animation with layered paint texture bold shapes and urban energy,Quiet spiritual fantasy with soft rays floating dust and restrained sacred ornament,Dynamic sports anime style with clear anatomy strong silhouettes and smooth acceleration,Romantic sunset cinema with warm backlight gentle flare and natural skin color,Soft horror atmosphere with pale lighting subtle shadows and carefully controlled unease,Premium advertising cinema with pristine materials smooth movement and balanced highlights,Timeless cinematic animation with coherent design natural motion and subtle film grain
