Quiet forest ambience with soft wind rustling leaves distant insects and sparse piano,Gentle nighttime ambience with crickets moving branches faint magic tones and airy strings,Calm coastal soundscape with rolling waves seabirds light wind and warm ambient pads,Soft rainfall on windows with distant traffic quiet room tone and minimal piano,Ancient library ambience with page turns wooden creaks low room tone and delicate bells,Mountain morning soundscape with distant birds steady breeze and subtle sustained strings,Winter forest ambience with muted wind soft snow movement and sparse crystalline tones,Hidden garden soundscape with flowing water bees leaves and light harp patterns,
Rainy city ambience with passing tires neon hum footsteps and restrained electronic pads,Desert evening soundscape with dry wind shifting sand distant thunder and low drones,Busy market ambience with layered footsteps fabric movement cooking sounds and playful percussion,Quiet village morning with birds wooden doors distant bells and gentle acoustic music,Deep cavern ambience with dripping water long echoes low rumbles and glassy tones,Old workshop soundscape with ticking tools wooden movement soft fire and muted strings,Peaceful shrine ambience with leaves distant chimes flowing water and airy flute,Stormy harbor soundscape with waves ropes wooden hulls strong wind and low brass,
Futuristic interior ambience with ventilation quiet electronics soft alerts and minimal synth,Cozy cabin soundscape with fireplace crackle rain on roof and warm piano chords,Misty swamp ambience with insects water movement distant calls and subtle eerie pads,Empty ballroom ambience with room reflections fabric movement and distant melancholic piano,Train platform soundscape with electrical hum soft announcements footsteps and restrained strings,Rocky coast ambience with breaking surf wind across stone and distant low percussion,Tropical beach soundscape with gentle waves palms seabirds and relaxed acoustic guitar,Ruined temple ambience with falling dust moving vines distant birds and low ceremonial tones,
Quiet rooftop ambience with city murmur soft wind fabric movement and ambient piano,Underwater soundscape with filtered currents bubbles distant whale tones and shimmering synth,Woodland clearing ambience with birds grass movement insects and light wooden flute,Modern apartment room tone with rain ventilation distant traffic and soft keyboard chords,Mountain canyon ambience with broad wind distant water echoes and slow orchestral pads,Lakeside night ambience with small waves campfire insects and gentle fingerpicked guitar,Station concourse soundscape with crowd murmur footsteps rolling luggage and subtle pulse,Volcanic landscape ambience with deep rumbles hot wind cracking stone and dark drones,
Spring orchard soundscape with birds drifting petals soft breeze and delicate harp,Dim theater ambience with curtain movement floor creaks room echo and sparse piano,Lighthouse storm soundscape with heavy wind sea spray waves and tense low strings,Coral reef ambience with flowing water bubbles distant clicks and luminous ambient music,Medieval square morning with carts birds footsteps bells and light folk instrumentation,Museum gallery room tone with soft footsteps ventilation echoes and minimal cello,Humid jungle ambience with layered insects water drops birds and restrained hand percussion,Roadside diner soundscape with quiet conversation kitchen clatter rain and old radio music,
Moonlit palace garden with fountain water night insects leaves and elegant strings,Foggy cemetery ambience with low wind branches distant crows and subtle choral pads,Bright classroom soundscape with brushes paper movement chairs and gentle upbeat piano,Snowy mountain pass with strong wind fabric movement footsteps and low sustained tones,Riverside evening ambience with flowing water bicycles distant traffic and mellow guitar,Magical academy soundscape with fountains banners footsteps sparkling tones and soft orchestra,Farmhouse dawn ambience with birds kettle sounds wooden floor and warm acoustic music,Wheat field soundscape with sweeping wind moving stalks distant thunder and low strings,
Subway tunnel ambience with fluorescent hum distant trains echoes and minimal industrial pulse,Floating island soundscape with broad wind waterfalls birds and expansive airy choir,Quiet hospital night with ventilation soft footsteps distant equipment and restrained piano,Festival street ambience with crowd energy drums bells laughter and bright string music,Castle corridor ambience with torch crackle footsteps stone echoes and low orchestral tension,Winter hot spring soundscape with water steam wind in trees and calm wooden flute,Spaceship cabin ambience with engine vibration electronics ventilation and quiet synth chords,Monastery terrace soundscape with mountain wind distant bells birds and meditative drones,
Abandoned amusement park ambience with wind loose metal distant machinery and eerie music box,Forest river soundscape with flowing water birds leaves and gentle bamboo flute,Café ambience with rain conversation cups espresso machine and soft jazz trio,Lavender field soundscape with bees warm breeze distant birds and relaxed ambient strings,Underground machinery ambience with resonant motors water drops metal movement and low synth,Bedroom dawn room tone with birds curtains moving distant traffic and soft piano,Firelit ceremonial hall with crackling flames fabric movement drums and low chanting textures,Cliff path ambience with ocean wind seabirds footsteps and broad cinematic strings,
Botanical laboratory ambience with pumps glass resonance leaves and clean electronic tones,Historic canal soundscape with water bicycles distant voices and light chamber music,Village bridge ambience with rushing stream rainfall wooden creaks and gentle folk strings,Salt flat soundscape with open wind distant thunder footsteps and spacious ambient pads,Archive chamber ambience with drawers paper movement electrical hum and sparse glass tones,Forest railway soundscape with wheels rails steam birds and warm orchestral motion,Recording studio room tone with soft electronics chair movement and muted ambient chords,Flooded city ambience with water wind loose debris distant thunder and dark drones,
Polar research station ambience with wind against walls ventilation equipment and minimal synth,Palace garden soundscape with fountains birds footsteps leaves and elegant chamber orchestra,Frosty woodland ambience with crisp footsteps branches birds and delicate bell textures,Harbor market ambience with seabirds crates footsteps bargaining murmur and lively accordion,Dream cloud garden soundscape with airy wind shimmering tones soft choir and distant chimes,Quiet magical ambience with soft breeze rustling leaves sparkling tones and gentle fantasy music,Focused action soundscape with clear cloth movement footsteps impacts and restrained rhythmic score,Silent dramatic atmosphere with natural room tone subtle breathing and no background music
