The character slowly raises one hand as nearby particles gather around the palm,The character looks across the scene then turns toward the camera with cautious recognition,The character takes three measured steps forward and stops in a balanced stance,The character opens an old book as glowing symbols rise gently from its pages,The character draws a sword smoothly then settles into a controlled defensive guard,The character reaches toward the water and watches ripples spread from the fingertips,The character adjusts the cloak against the wind then continues walking with purpose,The character kneels beside the object examines it carefully and stands again,
The character follows a drifting light through the scene while keeping a steady pace,The character glances over one shoulder then pivots fully toward an approaching sound,The character lifts the lantern higher as shadows retreat across the surrounding walls,The character catches a falling object and holds it securely against the chest,The character brushes dust from the surface before revealing a hidden engraved symbol,The character steps onto the bridge pauses midway and looks down at the river,The character releases the arrow and lowers the bow after following its distant path,The character closes both eyes breathes slowly and opens them with renewed confidence,
The character runs across the clearing then slides to a controlled stop near the camera,The character places the glowing orb on the ground and watches light spread outward,The character waves once toward the distance then lowers the hand with a thoughtful smile,The character turns a mechanical dial and leans closer as the machine activates,The character gathers the scattered papers while the wind continues pulling at their edges,The character pours the liquid carefully and steps back as colored vapor rises,The character removes the hood gradually and studies the viewer with quiet curiosity,The character touches the ancient door and follows its movement as it opens,
The character crosses the room while trailing fingers lightly along the wooden table,The character climbs the final steps and pauses to take in the wide landscape,The character spins once with flowing fabric then finishes facing the original direction,The character shields the face from sudden light before lowering the arm cautiously,The character plants the staff firmly and sends a gentle pulse through the ground,The character picks up the flower smells it briefly and places it behind one ear,The character listens to the distant signal then moves quickly toward its source,The character raises the camera frames the subject and presses the shutter once,
The character tightens the rope tests its weight and begins a careful descent,The character pushes through hanging vines and emerges slowly into the open clearing,The character lights the candle and watches warm illumination fill the nearby space,The character offers an open hand and waits calmly for the creature to approach,The character turns the page pauses at an illustration and traces its outline,The character steps backward from the edge while maintaining focus on the horizon,The character catches the hat in the wind and secures it with both hands,The character lifts the instrument begins a gentle melody and relaxes into the rhythm,
The character studies the map rotates it correctly and points toward a distant landmark,The character opens the window and lets the breeze move hair and clothing naturally,The character places one stone atop another and steadies the small balanced stack,The character enters the rain then opens an umbrella with one smooth motion,The character presses the control panel and watches the surrounding lights activate sequentially,The character follows the footprints then stops when they abruptly disappear,The character sets down the heavy bag and stretches both shoulders with visible relief,The character raises a cup takes one quiet sip and watches the passing crowd,
The character steps around the obstacle and resumes the original walking direction,The character wipes condensation from the glass and peers through the cleared circle,The character draws a glowing line through the air and completes a circular symbol,The character catches the companion gently and sets it safely back on the ground,The character ties the ribbon securely then checks the finished knot with satisfaction,The character approaches the sleeping animal crouches nearby and waits without touching it,The character turns toward the music and begins moving in a slow graceful pattern,The character opens the sealed letter reads silently and reacts with restrained surprise,
The character lifts the fallen branch carries it aside and clears the narrow path,The character places both hands on the railing as the vehicle begins moving,The character looks upward as the first snowflakes fall and slowly smiles,The character reaches the platform just as the doors open and steps inside,The character balances on the narrow beam then jumps safely onto solid ground,The character raises the shield absorbs the impact and regains a stable stance,The character searches the shelves finds the correct volume and carefully removes it,The character follows the bird with the eyes before walking in the same direction,
The character enters the shallow water and moves forward against the gentle current,The character unfolds the blanket smooths its corners and sits facing the sunset,The character checks the injured hand wraps it carefully and resumes the task,The character sweeps the flashlight across the chamber and stops on a moving shadow,The character catches a drifting petal between two fingers then releases it again,The character moves through the market pauses at one stall and examines an object,The character turns the key slowly as the old mechanism begins rotating behind the wall,The character steps into the spotlight takes a breath and begins the performance,
The character guides the small boat away from shore with two steady paddle strokes,The character lifts the mask into place and adopts a more confident posture,The character reaches the summit marker touches it and looks back along the route,The character scatters seeds across the soil then covers them with careful hand movements,The character dodges the first swing pivots aside and ends outside striking distance,The character holds the note near the flame and watches hidden writing appear,The character closes the workshop shutters extinguishes the lamp and walks toward the door,The character turns toward the camera speaks one line and waits for an answer
