A moonlit forest glows with luminous plants and drifting magical mist,A quiet coastal village rests beneath a pale blue twilight sky,A rain soaked city street reflects neon signs across dark pavement,An ancient library stretches upward with floating dust and warm lantern light,A windswept desert valley lies beneath towering clouds and distant lightning,A peaceful mountain shrine overlooks layered valleys covered in morning fog,A frozen lake mirrors the aurora while fine snow drifts across the ice,A hidden garden surrounds a weathered fountain beneath flowering trees,
A narrow alley winds between old brick buildings during gentle rainfall,A vast meadow moves in soft waves beneath a bright summer sky,A candlelit workshop feels warm and cluttered with tools and unfinished creations,A misty swamp surrounds twisted trees and softly glowing blue fireflies,A grand ballroom stands empty beneath crystal chandeliers and faded murals,A quiet train platform waits beneath amber lights in the early morning,A rocky shoreline meets restless waves under a dramatic overcast sky,A futuristic observation deck overlooks a dense city of moving lights,
A small forest cabin sits beside a stream during golden autumn evening,A ruined temple courtyard is reclaimed by moss vines and shallow water,A tranquil bamboo grove sways beneath scattered shafts of afternoon sunlight,A crowded night market glows with paper lanterns and rising cooking steam,A deep cavern opens around crystalline formations and underground pools,A rural road passes through sunflower fields beneath slow moving clouds,A forgotten greenhouse overflows with tropical plants and broken glass,A snow covered village gathers around warm windows during blue hour,
A quiet rooftop garden overlooks the city shortly before sunrise,A stormy harbor contains fishing boats pulling against wet ropes,A sunken palace hall rests beneath clear water and drifting particles,A woodland clearing surrounds an ancient stone circle at dusk,A modern apartment interior catches soft rain light through large windows,A narrow canyon reveals a winding river far below its red cliffs,A peaceful lakeside campsite glows beside dark pine trees at night,A busy station concourse moves beneath high glass ceilings and cool daylight,
A volcanic plain stretches toward glowing lava beneath a smoky red sky,A calm orchard fills with drifting petals during a mild spring morning,A dim theater stage waits behind heavy curtains and floating dust,A remote lighthouse stands above rough sea spray during an approaching storm,A colorful coral reef extends through clear water and moving sunlight,A medieval town square awakens beneath banners and early morning haze,A quiet museum gallery displays sculptures under carefully controlled lighting,A dense jungle path disappears between wet leaves and hanging vines,
A lonely roadside diner shines against the darkness of an empty highway,A palace balcony opens toward gardens covered in silver moonlight,A foggy cemetery spreads between old trees and weathered stone monuments,A bright art classroom contains paint covered tables and tall windows,A narrow mountain pass winds between cliffs beneath falling snow,A riverside promenade glows with evening lamps and distant traffic,A magical academy courtyard surrounds fountains and slowly moving banners,A calm farmhouse kitchen fills with warm light before sunrise,
A vast wheat field bends beneath strong wind and gathering rain clouds,A silent subway tunnel stretches beyond pools of cold fluorescent light,A floating island drifts above clouds with waterfalls falling into open sky,A quiet hospital corridor remains still beneath soft nighttime lighting,A lively festival street fills with lanterns ribbons and moving silhouettes,A shadowed castle corridor extends beneath torches and vaulted stone ceilings,A secluded hot spring rests among dark rocks and rising winter steam,A tropical beach curves around turquoise water beneath late afternoon sun,
A cramped spaceship cabin vibrates gently above a distant blue planet,A peaceful monastery terrace overlooks snowy peaks in clear morning light,A dark amusement park stands abandoned beneath slowly turning clouds,A shallow forest river passes over stones beneath filtered green sunlight,A bustling café interior glows warmly while rain runs down the windows,A field of lavender reaches toward distant hills beneath sunset colors,A hidden underground station combines worn concrete with mysterious golden machinery,A quiet bedroom contains scattered books and moving curtains at dawn,
A ceremonial hall surrounds a central fire beneath carved wooden beams,A windswept cliff path overlooks a silver ocean during fading daylight,A botanical laboratory glows with glass tanks and unfamiliar living plants,A tranquil canal passes between historic houses under soft evening fog,A small village bridge crosses a rushing stream during heavy spring rain,A vast salt flat reflects the sky after a brief desert storm,A mysterious archive chamber contains endless drawers and pale green lamps,A forest railway curves between tall trees during a misty autumn morning,
A quiet recording studio sits behind glass under dim colored lights,A flooded city plaza reflects abandoned buildings and moving storm clouds,A remote research station stands beneath stars across an icy landscape,A sunlit palace garden combines marble paths fountains and trimmed hedges,A narrow woodland trail sparkles with frost during a clear winter dawn,A busy harbor market fills with canvas awnings crates and seabirds,A dreamlike cloud garden surrounds floating stairs and translucent flowers,A calm riverside temple glows with candles beneath the evening rain
