Locked medium shot with stable framing and subtle natural subject movement,Gentle forward push from a medium shot while keeping the subject centered,Smooth side tracking shot matching the character at a steady walking speed,Slow orbit around the stationary subject with consistent distance and horizon level,Wide establishing shot followed by one gradual push toward the main subject,Low angle medium shot with a restrained upward tilt toward the face,High angle wide shot with a slow controlled descent toward eye level,Close portrait framing with a barely perceptible handheld breathing motion,
Static wide shot emphasizing environmental movement around the still character,Rear tracking shot following the character along the path at constant distance,Front facing tracking shot moving backward smoothly as the character approaches,Slow pan from the surrounding environment toward the waiting main subject,Gentle tilt down from the sky to reveal the complete scene below,Measured tilt up from the character hands toward the final facial expression,Medium close shot with shallow depth and a slow rack focus to the eyes,Wide symmetrical framing with a fixed camera and stable architectural lines,
Shoulder level follow shot with smooth stabilization and natural walking rhythm,Ground level tracking shot moving beside the character feet and trailing fabric,Slow lateral slide revealing the character from behind a foreground object,Centered close shot with locked focus and no visible camera shake,Aerial wide shot drifting forward slowly above the stable landscape,Three quarter medium shot with a gentle arc toward a frontal view,Profile close shot tracking the face without changing the established scale,Long lens medium shot with compressed depth and controlled background motion,
Wide shot from behind the subject with a gradual rise over the shoulders,Eye level medium shot with one smooth pullback revealing more environment,Fixed close shot allowing expression and secondary movement to carry the scene,Slow dolly left while the subject remains centered through coordinated framing,Slow dolly right revealing new background detail without changing shot scale,Low wide shot with a single forward glide close to the ground,High wide shot with a calm backward drift expanding the visible setting,Medium shot with deep focus and a steady observational camera position,
Intimate close shot with soft focus falloff and restrained forward movement,Wide landscape composition with the subject small and the camera completely locked,Medium tracking shot circling one quarter turn around the moving character,Slow crane rise from waist height to a broad view above the scene,Gentle crane descent from an establishing view to character eye level,Static over shoulder framing directed toward the important object ahead,Smooth point of view movement advancing carefully through the environment,Balanced two subject medium shot with fixed spacing and stable focus,
Close shot beginning on the hands then tilting once toward the face,Wide shot beginning on the environment then panning once toward the action,Medium shot using a single slow zoom in without physical camera movement,Medium shot using a single slow zoom out to reveal surrounding context,Tracking close shot maintaining facial focus during gentle character movement,Side profile medium shot with a locked camera and passing background motion,Centered full body shot with a slight forward drift and level horizon,Rear three quarter shot following the action with consistent spatial orientation,
Static macro shot focused on the object while hands move naturally around it,Macro tracking shot following one small moving detail across the surface,Wide interior shot with fixed perspective and carefully preserved room geometry,Medium interior shot sliding slowly through the doorway toward the character,Exterior establishing shot with a gradual pan across the stable location,Low angle close shot with a slow push emphasizing controlled determination,High angle close shot with fixed framing emphasizing quiet vulnerability,Neutral eye level shot with documentary style stability and natural timing,
Smooth circular track keeping the subject centered through half an orbit,Steady diagonal approach from a wide shot toward medium character framing,Slow retreat maintaining eye contact as the character advances toward camera,Fixed telephoto shot observing action from a distance without reframing,Wide angle follow shot preserving the environment around the moving subject,Medium close shot with focus locked on the eyes throughout the movement,Overhead static shot presenting clear movement paths across the ground,Overhead tracking shot following the character along one continuous route,
Waist level medium shot with a gentle pan matching the character turn,Chest level close shot with a single controlled pullback after the action,Grounded handheld medium shot with minimal sway and no sudden shake,Tripod locked close shot with stable exposure and consistent facial proportions,Slow reveal from darkness into a centered medium shot without a cut,Foreground framed wide shot with a subtle sideways slide into clear view,Long continuous take with smooth stabilization and no changes of camera axis,Single tracking shot maintaining screen direction throughout the complete action,
Wide shot with a slow push that ends before reaching medium framing,Medium shot with a slow orbit ending on a balanced three quarter angle,Close shot with one gentle tilt following the character downward movement,Full body tracking shot preserving feet hands and silhouette throughout motion,Stable medium shot with gradual focus shift from foreground to character,Stable wide shot with gradual focus shift from character to distant environment,One continuous camera move combining a gentle push with slight upward elevation,One continuous camera move combining side tracking with restrained forward drift
