A young mage with long blue hair wears a white fantasy coat and flowing cape,A seasoned ranger wears a weathered green cloak and carries a carved wooden bow,A calm swordswoman has silver hair practical armor and a focused expression,A curious student wears round glasses a neat uniform and a worn shoulder bag,A gentle forest guardian has moss covered antlers layered robes and warm eyes,A confident mechanic wears rolled sleeves protective goggles and grease stained gloves,A quiet traveler carries a patched backpack and watches everything with cautious interest,A royal astronomer wears dark blue robes embroidered with tiny golden constellations,
A cheerful baker has flour on both sleeves and a bright welcoming smile,A tired detective wears a rain darkened coat and studies the room carefully,A young musician holds a polished violin and wears an elegant midnight dress,A desert scout wraps light fabric around practical clothing and shaded goggles,A graceful shrine maiden wears layered red and white garments with flowing ribbons,A futuristic courier wears a streamlined jacket luminous visor and compact equipment,A village healer carries herb pouches and wears simple linen clothing,A mysterious librarian has dark braided hair pale gloves and an unreadable expression,
A brave child explorer wears oversized boots and carries a handmade lantern,A disciplined knight wears engraved silver armor and a deep red cape,A soft spoken alchemist wears protective sleeves and carries glowing glass vials,A street photographer wears layered casual clothing and keeps a camera ready,A moon priestess has flowing black hair silver jewelry and a serene gaze,A young inventor wears mismatched tools and an excited determined expression,A weathered sailor has salt streaked clothing steady hands and observant eyes,A palace dancer wears lightweight silk garments decorated with subtle gold patterns,
A reserved android has porcelain panels soft blue lights and precise movements,A mountain climber wears insulated gear and carries a frost covered rope,A traveling storyteller wears colorful layered fabrics and carries a small instrument,A vigilant palace guard wears polished armor and maintains a controlled posture,A woodland archer has copper hair leather bracers and a patient expression,A shy apprentice witch wears an oversized hat and carefully holds a spellbook,A confident pilot wears a fitted flight suit and a scratched helmet,A gentle giant has broad shoulders simple clothing and a reassuring smile,
A focused martial artist wears flexible training clothes and wrapped hands,A young botanist wears practical field gear and carries a specimen case,A masked festival performer wears an ornate costume with flowing sleeves,A quiet fisherman wears a faded jacket and keeps a calm weathered expression,A clever thief wears dark fitted clothing and watches nearby exits,A compassionate medic wears a clean uniform and carries compact emergency equipment,A wandering monk wears plain layered robes and moves with measured calm,A proud cavalry officer wears formal clothing with polished metal details,
A curious fox spirit has bright eyes flowing robes and several luminous tails,A small dragon companion has iridescent scales alert wings and playful movements,A dignified queen wears structured ceremonial clothing and a restrained expression,A young carpenter wears a canvas apron and carries carefully maintained tools,A determined archaeologist wears dusty field clothes and protects a fragile notebook,A magical academy teacher wears elegant robes and projects patient authority,A nervous stage actor wears an elaborate costume and practices controlled breathing,A calm tea master wears traditional clothing and moves with deliberate precision,
A cybernetic musician has metallic fingertips vivid hair and expressive eyes,A village blacksmith has strong arms a leather apron and soot marked features,A winter messenger wears layered fur clothing and carries a sealed letter case,A thoughtful painter wears a stained smock and studies colors with quiet concentration,A skilled falconer wears practical outdoor clothing and a heavy protective glove,A celestial warrior wears pale armor surrounded by faint floating light,A friendly innkeeper wears a simple vest and keeps an attentive expression,A young sailor wears a striped shirt and holds a coiled rope,
A cautious cave explorer wears a headlamp reinforced clothing and climbing equipment,A formal diplomat wears tailored clothing subtle jewelry and a composed smile,A storm mage has windswept white hair layered robes and glowing fingertips,A patient gardener wears sun faded clothes and carries a woven basket,A determined firefighter wears protective equipment marked by ash and water,A quiet clockmaker wears a magnifying lens and delicate precision gloves,A wandering herbalist wears earth toned layers and carries bundles of dried plants,A palace musician wears embroidered clothing and holds a long wooden flute,
A young ice skater wears a pale costume decorated with crystalline details,A desert princess wears flowing practical silk and a light protective veil,A retired warrior has scarred armor gray hair and a peaceful expression,A cheerful bicycle courier wears a bright jacket helmet and weatherproof bag,A serious researcher wears a laboratory coat and holds a glowing data tablet,A forest child wears handmade clothing decorated with leaves and small charms,A night watchman wears a heavy coat and carries an old brass lantern,A graceful water spirit has translucent clothing flowing hair and reflective eyes,
A traveling chef wears sturdy clothes and carries a compact cooking kit,A thoughtful engineer wears a utility vest and studies a mechanical blueprint,A young noble wears understated formal clothing and conceals visible nervousness,A battle medic wears reinforced gear and maintains a calm reassuring gaze,A playful cat spirit wears a short patterned robe and jingling ornaments,A disciplined spear fighter wears light armor and keeps a balanced stance,A quiet stargazer wears a warm cloak and holds a brass telescope,A determined messenger rides with windblown clothing and a tightly secured satchel
