pencil sketch,graphite drawing,charcoal drawing,chalk drawing,pastel drawing,colored pencil illustration,ink line drawing,ballpoint pen sketch,brush pen illustration,contour line art,blind contour drawing,gesture drawing,crosshatched drawing,stippled ink drawing,scribble art,technical drawing,architectural sketch,botanical drawing,anatomical study,fashion sketch,storyboard sketch,doodle illustration,minimalist line art,continuous line drawing,white ink drawing,
oil painting,watercolor painting,gouache illustration,acrylic painting,tempera painting,fresco painting,encaustic painting,ink wash painting,wet on wet painting,dry brush painting,impasto painting,palette knife painting,glazing technique painting,alla prima painting,plein air painting,matte painting,miniature painting,mural painting,spray paint art,airbrush painting,finger painting,sponge painting,fluid pour painting,monochrome painting,photorealistic painting,
linocut print style,woodcut print style,wood engraving style,copperplate engraving,steel engraving style,drypoint print,etching illustration,aquatint print,mezzotint print,lithographic print,screen print art,risograph print style,monotype print,cyanotype print,collagraph print,letterpress illustration,rubber stamp art,stencil print style,paper marbling,cut paper illustration,torn paper collage,layered paper art,papier mache art,origami paper art,quilling paper art,
comic book illustration,graphic novel art,newspaper comic strip,webcomic illustration,manga style,manhwa style,ligne claire comics,pulp comic art,superhero comic art,underground comic style,noir comic illustration,horror comic art,science fiction comic art,fantasy comic illustration,western comic art,romance comic style,humorous comic art,satirical cartoon art,editorial cartoon style,caricature illustration,sequential panel art,halftone comic shading,screentone comic art,inked comic linework,painted comic cover,
anime style,cel animation style,limited animation style,hand drawn animation,cutout animation style,silhouette animation style,rotoscope animation style,stop motion illustration,motion graphics style,storybook illustration,children's book illustration,fairy tale illustration,editorial illustration,fashion illustration,scientific illustration,medical illustration,botanical illustration,wildlife illustration,food illustration,travel illustration,whimsical illustration,flat character illustration,retro animation style,rubber hose animation,chalkboard animation style,
vector art,flat vector illustration,geometric vector art,isometric vector illustration,iconographic illustration,infographic design style,pictogram design,logo mark style,editorial layout design,typographic poster,minimalist poster design,maximalist poster design,travel poster style,propaganda poster style,concert poster style,film poster illustration,advertising poster style,constructivist graphic design,swiss grid design,bauhaus graphic design,art deco poster style,psychedelic poster art,vaporwave graphic design,memphis design style,corporate flat illustration,
digital painting,concept art,character concept art,environment concept art,creature concept art,vehicle concept art,architectural concept art,fantasy concept art,science fiction concept art,cyberpunk concept art,solarpunk concept art,steampunk concept art,keyframe concept art,production design sketch,game splash art,visual development art,pixel art,voxel art,low resolution game art,glitch art,generative geometric art,fractal art,neon digital illustration,holographic digital art,surreal digital collage,
three dimensional render,photorealistic render,clay render,toon shaded render,low poly render,voxel sculpture,wireframe render,isometric three dimensional art,miniature diorama,claymation style,stop motion puppet style,felt craft illustration,knitted textile art,embroidered textile art,woven tapestry art,patchwork quilt art,beadwork art,mosaic tile art,stained glass art,ceramic sculpture,porcelain figurine style,bronze sculpture,marble sculpture,wood carving,paper sculpture,
photorealistic photography,analog film photography,black and white photography,documentary photography,street photography,portrait photography,fashion photography,editorial photography,product photography,architectural photography,landscape photography,wildlife photography,macro photography,aerial photography,underwater photography,infrared photography,long exposure photography,tilt shift photography,high key photography,low key photography,film noir cinematography,cinematic still,vintage snapshot style,instant film style,surveillance camera style,
cave painting style,ancient mural style,classical pottery art,mosaic icon style,medieval manuscript art,gothic stained glass style,renaissance painting style,baroque painting style,rococo illustration style,neoclassical painting style,romanticism painting style,realism movement style,impressionist painting style,post impressionist painting style,expressionist painting style,cubist composition,futurist art style,dada collage style,surrealist painting style,abstract expressionist style,pop art style,op art style,art nouveau illustration,folk art style,ornamental arabesque art
